DATE,AWND,PRCP,TMAX,TMIN,TOBS,BEAUFORT_SCALE,PRCP_SCALE,MEAN_TEMP,COLLISION COUNT,TEMP_SCALE,CASES_COUNT
2018-06-01,1.625,4.354761904761905,24.92142857142857,17.37142857142857,18.683333333333334,Light Breeze,Slight,20.325396825396822,751,"[20, 22)",1
2018-06-02,3.4875000000000003,5.296296296296297,29.330769230769228,18.8,21.825,Gentle Breeze,Slight,23.318589743589744,622,"[22, 24)",1
2018-06-03,4.999999999999999,6.153164556962025,23.799999999999997,12.353846153846153,15.125,Gentle Breeze,Slight,17.092948717948715,525,"[16, 18)",1
2018-06-04,2.8875,13.22325581395349,20.700000000000003,10.392307692307693,10.75,Light Breeze,Slight,13.9474358974359,698,"[12, 14)",1
2018-06-05,3.4875000000000007,0.8012658227848101,23.092857142857135,11.5,13.23333333333333,Gentle Breeze,Slight,15.942063492063491,688,"[14, 16)",1
2018-06-06,2.5375,0.7822784810126582,22.15,12.815384615384614,14.050000000000004,Light Breeze,Slight,16.33846153846154,651,"[16, 18)",1
2018-06-07,2.9375,0.0210526315789473,21.11428571428571,14.20714285714286,14.783333333333331,Light Breeze,Slight,16.7015873015873,693,"[16, 18)",1
2018-06-08,2.6750000000000003,0.0038461538461538,25.357142857142858,13.214285714285712,14.22,Light Breeze,Slight,17.597142857142856,757,"[16, 18)",1
2018-06-09,2.3125,0.0,27.778571428571432,16.96923076923077,18.875,Light Breeze,Slight,21.20760073260073,706,"[20, 22)",1
2018-06-10,1.8625,0.2907894736842105,24.246153846153845,15.841666666666669,18.475,Light Breeze,Slight,19.52094017094017,533,"[18, 20)",1
2018-06-11,2.7125000000000004,3.961176470588235,21.54615384615384,13.323076923076922,14.333333333333336,Light Breeze,Slight,16.4008547008547,686,"[16, 18)",1
2018-06-12,3.2750000000000004,0.2804878048780488,22.90714285714285,10.76923076923077,12.6,Light Breeze,Slight,15.425457875457877,720,"[14, 16)",1
2018-06-13,3.2125,0.2552941176470588,24.64285714285714,14.5,16.950000000000003,Light Breeze,Slight,18.69761904761905,706,"[18, 20)",1
2018-06-14,5.6,1.3523809523809522,27.307692307692307,18.415384615384617,19.46,Moderate Breeze,Slight,21.72769230769231,833,"[20, 22)",1
2018-06-15,3.775,0.0077922077922077,26.376923076923077,16.008333333333333,16.525,Gentle Breeze,Slight,19.636752136752133,728,"[18, 20)",1
2018-06-16,2.4750000000000005,0.0,27.733333333333327,14.808333333333332,15.975,Light Breeze,Slight,19.505555555555556,677,"[18, 20)",1
2018-06-17,2.325,0.0,31.258333333333333,15.966666666666669,17.03333333333333,Light Breeze,Slight,21.41944444444444,627,"[20, 22)",1
2018-06-18,4.325,0.3864197530864197,32.34615384615384,19.26153846153846,20.9,Gentle Breeze,Slight,24.16923076923077,808,"[24, 26)",1
2018-06-19,3.8,5.287640449438203,31.884615384615383,21.615384615384617,24.440000000000005,Gentle Breeze,Slight,25.98,812,"[24, 26)",1
2018-06-20,2.4,0.1772151898734177,29.450000000000003,18.625,18.75,Light Breeze,Slight,22.275,698,"[22, 24)",1
2018-06-21,2.5875000000000004,9.283333333333331,29.146153846153847,18.10769230769231,18.42,Light Breeze,Slight,21.89128205128205,815,"[20, 22)",1
2018-06-22,3.8125,0.4756410256410256,25.60833333333333,17.441666666666663,19.15,Gentle Breeze,Slight,20.73333333333333,728,"[20, 22)",1
2018-06-23,3.0125,1.3142857142857145,20.966666666666665,16.441666666666666,16.833333333333332,Light Breeze,Slight,18.080555555555552,513,"[18, 20)",1
2018-06-24,2.85,0.5533333333333333,25.89166666666667,17.683333333333334,19.26666666666667,Light Breeze,Slight,20.947222222222223,553,"[20, 22)",1
2018-06-25,4.3375,3.8651162790697673,28.461538461538467,17.815384615384616,19.76,Gentle Breeze,Slight,22.01230769230769,733,"[22, 24)",1
2018-06-26,3.6999999999999993,0.004054054054054,25.700000000000003,14.776923076923078,16.34,Gentle Breeze,Slight,18.93897435897436,762,"[18, 20)",1
2018-06-27,3.8,0.0876543209876543,24.32307692307692,16.45384615384615,16.779999999999998,Gentle Breeze,Slight,19.185641025641026,540,"[18, 20)",1
2018-06-28,3.2124999999999995,13.142696629213484,26.428571428571427,19.4,20.28333333333333,Light Breeze,Slight,22.037301587301588,737,"[22, 24)",1
2018-06-29,2.8625000000000003,7.466666666666667,31.02307692307692,20.23333333333333,20.825,Light Breeze,Slight,24.02713675213675,845,"[24, 26)",1
2018-06-30,2.25,0.02,32.138461538461534,20.28333333333333,22.600000000000005,Light Breeze,Slight,25.00726495726496,651,"[24, 26)",1
2018-07-01,1.9625,0.0,35.36666666666667,23.01666666666667,24.83333333333333,Light Breeze,Slight,27.73888888888889,563,"[26, 28)",1
2018-07-02,2.4125,0.0,35.04615384615385,22.853846153846156,23.12,Light Breeze,Slight,27.00666666666667,719,"[26, 28)",1
2018-07-03,1.85,1.4975903614457833,34.06153846153846,23.750000000000004,25.25,Light Breeze,Slight,27.68717948717949,678,"[26, 28)",1
2018-07-04,1.8625,8.810843373493976,32.36666666666667,23.791666666666668,25.2,Light Breeze,Slight,27.119444444444444,406,"[26, 28)",1
2018-07-05,3.6625,0.5686746987951806,32.03333333333334,23.415384615384617,24.2,Gentle Breeze,Slight,26.549572649572653,720,"[26, 28)",1
2018-07-06,4.3125,4.632098765432098,29.82307692307692,21.330769230769228,24.68,Gentle Breeze,Slight,25.277948717948718,654,"[24, 26)",1
2018-07-07,3.6375,2.509210526315789,25.883333333333336,15.6,15.933333333333332,Gentle Breeze,Slight,19.13888888888889,526,"[18, 20)",1
2018-07-08,2.0625,0.0038961038961038,27.425,14.4,16.666666666666668,Light Breeze,Slight,19.49722222222222,545,"[18, 20)",1
2018-07-09,2.8125,0.0064935064935064,30.275,16.575,17.625,Light Breeze,Slight,21.491666666666664,672,"[20, 22)",1
2018-07-10,2.8875,0.0,33.10833333333333,18.975,19.6,Light Breeze,Slight,23.89444444444444,727,"[22, 24)",1
2018-07-11,3.375,0.0064935064935064,31.88461538461538,21.25,22.075,Light Breeze,Slight,25.06987179487179,627,"[24, 26)",1
2018-07-12,2.2625,1.1580246913580243,29.524999999999995,19.258333333333333,20.15,Light Breeze,Slight,22.977777777777774,642,"[22, 24)",1
2018-07-13,2.5250000000000004,0.0,29.633333333333336,17.783333333333335,17.675,Light Breeze,Slight,21.697222222222223,726,"[20, 22)",1
2018-07-14,3.500000000000001,0.5923076923076923,31.4,19.216666666666665,21.46666666666667,Gentle Breeze,Slight,24.027777777777786,577,"[24, 26)",1
2018-07-15,2.5875,16.23658536585366,30.566666666666663,20.76666666666667,21.133333333333333,Light Breeze,Slight,24.155555555555555,564,"[24, 26)",1
2018-07-16,2.8875,3.062025316455696,31.89999999999999,21.90833333333333,22.0,Light Breeze,Slight,25.26944444444444,719,"[24, 26)",1
2018-07-17,3.3875000000000006,4.250649350649351,32.0,21.70833333333333,25.0,Light Breeze,Slight,26.23611111111111,680,"[26, 28)",1
2018-07-18,4.1,22.08117647058824,30.45,18.841666666666665,19.175,Gentle Breeze,Slight,22.822222222222223,688,"[22, 24)",1
2018-07-19,2.6125000000000003,0.0189873417721519,28.75,16.625,16.8,Light Breeze,Slight,20.725,739,"[20, 22)",1
2018-07-20,2.6,0.0,28.253846153846155,17.43076923076923,18.22,Light Breeze,Slight,21.30153846153846,700,"[20, 22)",1
2018-07-21,4.8625,2.118666666666667,26.73846153846154,17.52307692307692,19.066666666666663,Gentle Breeze,Slight,21.10940170940171,622,"[20, 22)",1
2018-07-22,6.1625000000000005,25.379310344827587,26.916666666666668,19.95833333333333,22.066666666666663,Moderate Breeze,Slight,22.980555555555554,540,"[22, 24)",1
2018-07-23,5.7875,11.491011235955057,28.133333333333336,22.741666666666664,23.779999999999998,Moderate Breeze,Slight,24.885,614,"[24, 26)",1
2018-07-24,6.000000000000001,3.272941176470588,28.70769230769231,23.7,24.32,Moderate Breeze,Slight,25.57589743589743,654,"[24, 26)",1
2018-07-25,4.8,14.544565217391304,27.50769230769231,22.138461538461534,23.1,Gentle Breeze,Slight,24.24871794871795,657,"[24, 26)",1
2018-07-26,2.8625,17.1875,29.25,22.03333333333333,22.1,Light Breeze,Slight,24.46111111111111,606,"[24, 26)",1
2018-07-27,2.575,3.1164556962025314,31.02307692307693,20.21538461538461,21.32,Light Breeze,Slight,24.186153846153847,753,"[24, 26)",1
2018-07-28,1.8375,14.474390243902436,30.558333333333337,20.041666666666668,20.366666666666667,Light Breeze,Slight,23.655555555555555,637,"[22, 24)",1
2018-07-29,2.8,0.5041666666666667,29.00769230769231,20.23333333333333,20.566666666666663,Light Breeze,Slight,23.26923076923077,463,"[22, 24)",1
2018-07-30,1.9375,0.3394736842105263,27.54166666666667,18.423076923076923,17.78,Light Breeze,Slight,21.248247863247865,580,"[20, 22)",1
2018-07-31,2.5375,0.0342465753424657,27.1,18.73333333333333,19.725,Light Breeze,Slight,21.852777777777774,709,"[20, 22)",1
2018-08-01,4.3375,1.848780487804878,29.700000000000003,21.54615384615384,22.32,Gentle Breeze,Slight,24.52205128205128,660,"[24, 26)",1
2018-08-02,3.65,6.375308641975308,30.76153846153846,22.81538461538461,23.22,Gentle Breeze,Slight,25.59897435897436,722,"[24, 26)",1
2018-08-03,3.1125,9.303658536585363,30.51538461538462,22.907692307692308,24.56,Light Breeze,Slight,25.99435897435897,749,"[24, 26)",1
2018-08-04,2.85,18.308860759493676,30.7,22.491666666666664,23.3,Light Breeze,Slight,25.49722222222222,605,"[24, 26)",1
2018-08-05,1.8,11.74625,32.09166666666667,21.666666666666668,24.066666666666663,Light Breeze,Slight,25.941666666666663,573,"[24, 26)",1
2018-08-06,2.4,0.0415584415584415,33.63076923076923,23.03076923076923,23.1,Light Breeze,Slight,26.587179487179487,632,"[26, 28)",1
2018-08-07,3.35,1.5242857142857142,32.76153846153846,22.81538461538461,23.880000000000003,Light Breeze,Slight,26.48564102564102,658,"[26, 28)",1
2018-08-08,2.3125,12.561904761904762,32.56153846153846,22.53076923076923,22.44,Light Breeze,Slight,25.84410256410256,656,"[24, 26)",1
2018-08-09,3.1125000000000003,8.162650602409638,31.96923076923077,22.457142857142856,23.133333333333336,Light Breeze,Slight,25.853235653235654,709,"[24, 26)",1
2018-08-10,2.0875,0.8094594594594594,31.085714285714285,20.185714285714283,20.166666666666668,Light Breeze,Slight,23.812698412698413,707,"[22, 24)",1
2018-08-11,2.1875,16.92676056338028,28.264285714285712,20.553846153846152,22.65,Light Breeze,Slight,23.82271062271062,568,"[22, 24)",1
2018-08-12,2.525,26.29875,27.769230769230766,21.592307692307696,22.1,Light Breeze,Slight,23.820512820512818,499,"[22, 24)",1
2018-08-13,3.025,6.108108108108108,26.023076923076925,21.76153846153846,22.34,Light Breeze,Slight,23.374871794871797,617,"[22, 24)",1
2018-08-14,2.7,13.140506329113922,26.43571428571429,20.73076923076923,21.05,Light Breeze,Slight,22.73882783882784,701,"[22, 24)",1
2018-08-15,3.5125,4.894736842105263,30.25,20.728571428571428,21.116666666666664,Gentle Breeze,Slight,24.031746031746028,645,"[24, 26)",1
2018-08-16,2.7750000000000004,0.01125,31.77857142857143,22.26428571428572,22.58333333333333,Light Breeze,Slight,25.54206349206349,647,"[24, 26)",1
2018-08-17,3.1875,2.984,31.55,22.32857142857143,22.3,Light Breeze,Slight,25.392857142857142,703,"[24, 26)",1
2018-08-18,3.25,19.125316455696204,31.178571428571427,21.41538461538461,23.05,Light Breeze,Slight,25.21465201465201,579,"[24, 26)",1
2018-08-19,3.475,6.26375,26.03076923076923,19.684615384615384,19.7,Gentle Breeze,Slight,21.8051282051282,490,"[20, 22)",1
2018-08-20,2.625,1.7298701298701298,23.107692307692307,18.91428571428571,19.53333333333333,Light Breeze,Slight,20.51843711843712,562,"[20, 22)",1
2018-08-21,3.325,0.5947368421052632,24.70714285714286,18.292857142857144,18.8,Light Breeze,Slight,20.6,580,"[20, 22)",1
2018-08-22,4.1125,12.263529411764708,27.51428571428572,20.25714285714286,21.48333333333333,Gentle Breeze,Slight,23.08492063492064,599,"[22, 24)",1
2018-08-23,3.724999999999999,1.11025641025641,27.228571428571424,18.135714285714283,18.766666666666666,Gentle Breeze,Slight,21.376984126984127,610,"[20, 22)",1
2018-08-24,1.925,0.054054054054054,27.135714285714283,15.900000000000002,15.383333333333333,Light Breeze,Slight,19.47301587301587,681,"[18, 20)",1
2018-08-25,1.9125,0.004054054054054,26.538461538461537,16.757142857142856,17.625,Light Breeze,Slight,20.30686813186813,552,"[20, 22)",1
2018-08-26,3.0375,0.0,28.11538461538462,17.546153846153846,18.325000000000003,Light Breeze,Slight,21.32884615384616,528,"[20, 22)",1
2018-08-27,2.3375000000000004,0.0,30.55714285714286,20.684615384615388,20.666666666666668,Light Breeze,Slight,23.969474969474973,651,"[22, 24)",1
2018-08-28,3.1,0.0,33.292857142857144,22.928571428571427,23.7,Light Breeze,Slight,26.640476190476196,715,"[26, 28)",1
2018-08-29,3.3375000000000004,0.0,34.6,24.53571428571428,25.46666666666667,Light Breeze,Slight,28.200793650793653,685,,1
2018-08-30,3.525,0.0,33.25714285714285,24.28571428571429,24.433333333333337,Gentle Breeze,Slight,27.325396825396822,736,"[26, 28)",1
2018-08-31,3.975,0.9493670886075948,28.05,21.15,22.33333333333333,Gentle Breeze,Slight,23.844444444444445,623,"[22, 24)",1
2018-09-01,2.7875,4.264935064935065,25.13076923076924,19.77692307692308,20.0,Light Breeze,Slight,21.63589743589744,529,"[20, 22)",1
2018-09-02,2.0875000000000004,0.036231884057971,26.72307692307692,18.13571428571429,18.625,Light Breeze,Slight,21.16126373626373,528,"[20, 22)",1
2018-09-03,2.5250000000000004,0.0582278481012658,30.723076923076924,21.66153846153846,24.175,Light Breeze,Slight,25.519871794871797,533,"[24, 26)",1
2018-09-04,2.2,0.05375,33.22142857142857,23.707692307692312,23.05,Light Breeze,Slight,26.659706959706963,786,"[26, 28)",1
2018-09-05,2.4375,0.0073170731707317,32.52666666666667,22.92666666666667,22.385714285714283,Light Breeze,Slight,25.946349206349208,768,"[24, 26)",1
2018-09-06,2.9375000000000004,1.2365853658536583,33.378571428571426,22.85714285714286,25.200000000000003,Light Breeze,Slight,27.145238095238096,822,"[26, 28)",1
2018-09-07,3.25,9.133720930232558,28.83333333333333,21.35333333333333,22.47142857142857,Light Breeze,Slight,24.21936507936508,671,"[24, 26)",1
2018-09-08,4.0,1.5826666666666669,22.74666666666667,17.192857142857143,19.46,Gentle Breeze,Slight,19.79984126984127,568,"[18, 20)",1
2018-09-09,4.1875,4.79125,18.37857142857143,13.257142857142858,14.12,Gentle Breeze,Slight,15.251904761904765,556,"[14, 16)",1
2018-09-10,4.8375,20.396470588235296,17.392307692307693,12.221428571428572,13.216666666666669,Gentle Breeze,Slight,14.276800976800978,650,"[14, 16)",1
2018-09-11,1.475,15.53181818181818,20.94666666666667,14.92666666666667,16.257142857142856,Light Air,Slight,17.376825396825396,544,"[16, 18)",1
2018-09-12,1.825,2.863095238095238,24.22000000000001,19.040000000000003,20.32857142857143,Light Breeze,Slight,21.19619047619048,783,"[20, 22)",1
2018-09-13,3.3714285714285706,7.785365853658536,24.913333333333338,20.046666666666667,20.485714285714288,Light Breeze,Slight,21.8152380952381,718,"[20, 22)",1
2018-09-14,3.057142857142857,0.8455696202531645,24.106666666666666,19.40666666666667,19.457142857142856,Light Breeze,Slight,20.99015873015873,684,"[20, 22)",1
2018-09-15,1.6714285714285713,0.2662162162162162,24.85333333333333,18.214285714285715,18.2,Light Breeze,Slight,20.42253968253968,596,"[20, 22)",1
2018-09-16,1.4857142857142858,0.0123287671232876,27.785714285714285,17.507142857142856,17.22,Light Air,Slight,20.837619047619047,597,"[20, 22)",1
2018-09-17,2.4,0.1703703703703703,27.307692307692303,17.814285714285713,17.3,Light Breeze,Slight,20.807326007326008,673,"[20, 22)",1
2018-09-18,3.3375,6.546739130434782,25.933333333333334,19.15714285714285,21.485714285714284,Light Breeze,Slight,22.192063492063493,740,"[22, 24)",1
2018-09-19,3.0500000000000003,17.288372093023256,26.828571428571426,18.207142857142856,18.48333333333333,Light Breeze,Slight,21.17301587301587,519,"[20, 22)",1
2018-09-20,2.5875,0.2024096385542168,24.0,17.3,17.316666666666666,Light Breeze,Slight,19.538888888888888,659,"[18, 20)",1
2018-09-21,4.1875,0.04625,22.292857142857144,17.653333333333332,18.6,Gentle Breeze,Slight,19.515396825396827,715,"[18, 20)",1
2018-09-22,4.0875,0.0285714285714285,23.238461538461536,17.25384615384616,21.95,Gentle Breeze,Slight,20.81410256410257,562,"[20, 22)",1
2018-09-23,2.375,0.1986301369863014,20.553846153846152,15.046153846153848,15.7,Light Breeze,Slight,17.1,475,"[16, 18)",1
2018-09-24,4.7875,0.6882352941176471,19.485714285714284,13.335714285714284,14.516666666666666,Gentle Breeze,Slight,15.779365079365078,594,"[14, 16)",1
2018-09-25,3.925,14.831395348837209,21.392857142857142,13.571428571428571,15.266666666666664,Gentle Breeze,Slight,16.743650793650794,715,"[16, 18)",1
2018-09-26,3.5500000000000007,43.99213483146068,25.36428571428571,17.47142857142857,21.366666666666664,Gentle Breeze,Slight,21.40079365079365,755,"[20, 22)",1
2018-09-27,3.8,3.94367816091954,25.030769230769238,15.676923076923076,16.34,Gentle Breeze,Slight,19.01589743589744,672,"[18, 20)",1
2018-09-28,3.2375000000000007,29.211235955056186,19.642857142857142,13.407142857142857,15.349999999999998,Light Breeze,Slight,16.13333333333333,712,"[16, 18)",1
2018-09-29,2.3375,2.5443037974683542,21.23076923076923,12.138461538461538,11.95,Light Breeze,Slight,15.106410256410255,604,"[14, 16)",1
2018-09-30,2.15,0.0144736842105263,22.138461538461534,11.36923076923077,11.675,Light Breeze,Slight,15.060897435897436,510,"[14, 16)",1
2020-06-01,3.5428571428571423,0.0,21.464285714285715,9.128571428571428,10.816666666666668,Gentle Breeze,Slight,13.803174603174604,196,"[12, 14)",1
2020-06-02,3.1000000000000005,0.0580246913580246,22.607142857142858,11.578571428571427,13.983333333333334,Light Breeze,Slight,16.056349206349207,197,"[16, 18)",1
2020-06-03,3.514285714285714,11.020652173913044,25.442857142857143,14.72857142857143,17.049999999999997,Gentle Breeze,Slight,19.073809523809523,216,"[18, 20)",1
2020-06-04,2.814285714285714,7.146666666666666,28.607142857142858,17.314285714285713,18.883333333333333,Light Breeze,Slight,21.6015873015873,245,"[20, 22)",1
2020-06-05,2.814285714285714,9.126373626373626,27.86428571428571,18.978571428571428,19.98333333333333,Light Breeze,Slight,22.275396825396825,248,"[22, 24)",1
2020-06-06,3.657142857142858,9.688636363636364,29.007142857142863,19.407142857142865,21.08,Gentle Breeze,Slight,23.164761904761907,262,"[22, 24)",1
2020-06-07,4.871428571428572,2.773809523809524,27.86428571428572,16.307142857142857,17.560000000000002,Gentle Breeze,Slight,20.57714285714286,206,"[20, 22)",1
2020-06-08,3.2428571428571438,0.0035294117647058,26.15000000000001,13.257142857142854,14.449999999999998,Light Breeze,Slight,17.952380952380953,235,"[16, 18)",1
2020-06-09,3.4142857142857146,0.0,28.821428571428573,15.242857142857144,17.500000000000004,Gentle Breeze,Slight,20.52142857142857,251,"[20, 22)",1
2020-06-10,4.228571428571429,0.0,29.83571428571428,18.214285714285715,20.55,Gentle Breeze,Slight,22.866666666666664,238,"[22, 24)",1
2020-06-11,4.714285714285714,1.143956043956044,28.535714285714285,19.99285714285714,21.766666666666666,Gentle Breeze,Slight,23.43174603174603,251,"[22, 24)",1
2020-06-12,3.3428571428571425,6.70561797752809,28.61428571428572,19.24285714285714,19.7,Light Breeze,Slight,22.519047619047623,277,"[22, 24)",1
2020-06-13,4.4,0.0132530120481927,26.428571428571427,14.45,15.32,Gentle Breeze,Slight,18.732857142857146,282,"[18, 20)",1
2020-06-14,2.957142857142857,0.0,23.292857142857144,11.235714285714284,12.12,Light Breeze,Slight,15.54952380952381,228,"[14, 16)",1
2020-06-15,2.885714285714286,0.0,23.61428571428572,12.657142857142858,14.549999999999995,Light Breeze,Slight,16.94047619047619,223,"[16, 18)",1
2020-06-16,3.271428571428572,0.0,24.45714285714286,13.37857142857143,15.75,Light Breeze,Slight,17.861904761904764,259,"[16, 18)",1
2020-06-17,3.4714285714285715,0.0,25.61428571428572,14.164285714285716,15.466666666666663,Gentle Breeze,Slight,18.415079365079364,244,"[18, 20)",1
2020-06-18,2.8428571428571425,0.0351648351648351,25.3,16.821428571428573,18.433333333333334,Light Breeze,Slight,20.184920634920637,226,"[20, 22)",1
2020-06-19,2.5125,0.350561797752809,27.11428571428572,17.72857142857143,19.166666666666668,Light Breeze,Slight,21.336507936507942,306,"[20, 22)",1
2020-06-20,2.2,0.7174418604651163,28.971428571428568,18.564285714285717,20.166666666666668,Light Breeze,Slight,22.56746031746032,246,"[22, 24)",1
2020-06-21,2.4,1.1573170731707318,29.72857142857143,19.085714285714285,20.83333333333333,Light Breeze,Slight,23.21587301587301,245,"[22, 24)",1
2020-06-22,3.0375,0.0172413793103448,31.478571428571428,20.52142857142857,22.03333333333333,Light Breeze,Slight,24.677777777777777,295,"[24, 26)",1
2020-06-23,3.45,0.046590909090909,31.242857142857144,21.071428571428573,22.6,Gentle Breeze,Slight,24.97142857142857,291,"[24, 26)",1
2020-06-24,3.925,0.0511627906976744,30.714285714285715,22.37857142857143,24.066666666666663,Gentle Breeze,Slight,25.719841269841268,300,"[24, 26)",1
2020-06-25,2.65,0.0121951219512195,30.685714285714283,19.835714285714285,21.03333333333333,Light Breeze,Slight,23.8515873015873,251,"[22, 24)",1
2020-06-26,3.0375000000000005,0.094047619047619,30.65000000000001,18.77142857142857,20.183333333333334,Light Breeze,Slight,23.201587301587303,337,"[22, 24)",1
2020-06-27,2.3375,0.4436781609195402,29.221428571428568,18.89285714285714,20.660000000000004,Light Breeze,Slight,22.924761904761905,273,"[22, 24)",1
2020-06-28,2.075,4.142391304347826,30.20714285714286,20.314285714285717,21.76,Light Breeze,Slight,24.09380952380952,240,"[24, 26)",1
2020-06-29,3.3375,4.368131868131868,31.592857142857145,20.064285714285717,21.21666666666667,Light Breeze,Slight,24.29126984126984,301,"[24, 26)",1
2020-06-30,2.425,1.6747252747252748,28.45,18.792857142857144,19.433333333333334,Light Breeze,Slight,22.225396825396828,278,"[22, 24)",1
2020-07-01,2.0375,4.49,27.03571428571428,18.785714285714285,20.35,Light Breeze,Slight,22.057142857142853,259,"[22, 24)",1
2020-07-02,2.325,8.016091954022988,31.407692307692308,18.707692307692305,19.520000000000003,Light Breeze,Slight,23.21179487179488,340,"[22, 24)",1
2020-07-03,2.7625,1.7627906976744183,33.12857142857142,20.67142857142857,24.22,Light Breeze,Slight,26.006666666666664,302,"[26, 28)",1
2020-07-04,2.975,10.127173913043478,31.385714285714283,20.007142857142856,19.8,Light Breeze,Slight,23.730952380952377,278,"[22, 24)",1
2020-07-05,2.4375,0.0727272727272727,32.06428571428571,21.0,22.02,Light Breeze,Slight,25.02809523809524,290,"[24, 26)",1
2020-07-06,2.65,1.4655172413793105,33.77857142857143,21.042857142857144,23.7,Light Breeze,Slight,26.173809523809524,257,"[26, 28)",1
2020-07-07,3.4375,9.75531914893617,30.38571428571429,21.464285714285715,21.85,Gentle Breeze,Slight,24.566666666666663,243,"[24, 26)",1
2020-07-08,2.849999999999999,0.6311111111111111,28.928571428571427,22.77857142857143,23.6,Light Breeze,Slight,25.10238095238095,267,"[24, 26)",1
2020-07-09,2.5,2.747191011235955,31.161538461538463,22.53076923076923,22.66,Light Breeze,Slight,25.45076923076923,313,"[24, 26)",1
2020-07-10,5.487500000000001,8.285227272727273,28.371428571428567,22.542857142857144,23.883333333333336,Gentle Breeze,Slight,24.932539682539684,296,"[24, 26)",1
2020-07-11,3.9499999999999993,49.1765306122449,27.571428571428573,22.342857142857145,22.96666666666667,Gentle Breeze,Slight,24.293650793650794,274,"[24, 26)",1
2020-07-12,4.1125,5.541666666666667,31.357142857142858,21.51428571428572,22.1,Gentle Breeze,Slight,24.99047619047619,292,"[24, 26)",1
2020-07-13,3.1625,1.425,31.39285714285714,21.392857142857142,22.05,Light Breeze,Slight,24.945238095238093,290,"[24, 26)",1
2020-07-14,3.425,0.0433734939759036,30.321428571428573,20.471428571428568,20.85,Gentle Breeze,Slight,23.88095238095238,320,"[22, 24)",1
2020-07-15,3.337499999999999,0.0897727272727272,28.314285714285717,20.071428571428573,20.75,Light Breeze,Slight,23.04523809523809,268,"[22, 24)",1
2020-07-16,3.9625,0.0,26.31428571428572,20.09285714285715,20.75,Gentle Breeze,Slight,22.38571428571429,322,"[22, 24)",1
2020-07-17,2.7625,1.2011904761904764,27.950000000000006,20.17142857142857,20.933333333333334,Light Breeze,Slight,23.018253968253973,308,"[22, 24)",1
2020-07-18,1.8375,1.775581395348837,31.464285714285715,20.914285714285715,22.44,Light Breeze,Slight,24.93952380952381,316,"[24, 26)",1
2020-07-19,3.6374999999999993,0.0,33.771428571428565,22.535714285714285,25.68,Gentle Breeze,Slight,27.329047619047618,313,"[26, 28)",1
2020-07-20,3.2875,0.0094117647058823,34.964285714285715,25.435714285714283,26.76666666666667,Light Breeze,Slight,29.05555555555556,281,,1
2020-07-21,2.3875,0.0146067415730337,34.01428571428571,23.300000000000004,23.883333333333336,Light Breeze,Slight,27.06587301587302,331,"[26, 28)",1
2020-07-22,2.5625,3.5894736842105264,33.59285714285714,22.77142857142857,24.366666666666667,Light Breeze,Slight,26.910317460317454,290,"[26, 28)",1
2020-07-23,3.4375,12.146315789473686,32.53571428571429,22.50714285714286,22.866666666666667,Gentle Breeze,Slight,25.96984126984127,332,"[24, 26)",1
2020-07-24,2.125,10.608602150537637,29.0,22.414285714285715,22.866666666666667,Light Breeze,Slight,24.760317460317463,312,"[24, 26)",1
2020-07-25,2.4125,5.887912087912087,29.74285714285714,21.142857142857142,21.44,Light Breeze,Slight,24.108571428571427,291,"[24, 26)",1
2020-07-26,3.6125,0.0125,33.17142857142857,23.242857142857144,24.02,Gentle Breeze,Slight,26.811428571428568,313,"[26, 28)",1
2020-07-27,3.8375,0.0,34.55714285714286,23.214285714285715,23.6,Gentle Breeze,Slight,27.123809523809523,320,"[26, 28)",1
2020-07-28,3.45,0.2098901098901099,34.75714285714285,24.692857142857147,26.116666666666664,Gentle Breeze,Slight,28.522222222222226,298,,1
2020-07-29,2.4875,0.6527472527472528,33.12142857142857,22.935714285714287,23.23333333333333,Light Breeze,Slight,26.430158730158727,318,"[26, 28)",1
2020-07-30,2.45,0.075,33.08571428571428,22.507142857142856,23.55,Light Breeze,Slight,26.38095238095238,300,"[26, 28)",1
2020-07-31,1.825,18.59583333333333,30.95714285714286,21.235714285714288,21.58333333333333,Light Breeze,Slight,24.59206349206349,343,"[24, 26)",1
2020-08-01,2.5125,1.282758620689655,29.721428571428568,20.15714285714285,20.98,Light Breeze,Slight,23.61952380952381,375,"[22, 24)",1
2020-08-02,4.7625,0.1896551724137931,31.94285714285714,23.050000000000004,24.44,Gentle Breeze,Slight,26.477619047619047,286,"[26, 28)",1
2020-08-03,3.4624999999999995,1.51,31.678571428571427,22.807142857142857,24.45,Gentle Breeze,Slight,26.31190476190476,353,"[26, 28)",1
2020-08-04,5.65,14.390322580645162,29.442857142857143,21.67142857142857,23.25,Moderate Breeze,Slight,24.78809523809524,451,"[24, 26)",1
2020-08-05,2.9000000000000004,16.93370786516854,28.971428571428568,21.285714285714285,22.05,Light Breeze,Slight,24.10238095238095,345,"[24, 26)",1
2020-08-06,1.8625,0.1046511627906976,29.08571428571428,19.65,20.35,Light Breeze,Slight,23.028571428571425,356,"[22, 24)",1
2020-08-07,2.4875,5.257954545454545,27.471428571428568,19.557142857142857,19.716666666666665,Light Breeze,Slight,22.248412698412697,337,"[22, 24)",1
2020-08-08,1.975,4.910869565217391,27.935714285714283,20.085714285714285,20.9,Light Breeze,Slight,22.973809523809525,260,"[22, 24)",1
2020-08-09,2.8625,0.0454545454545454,29.8,20.957142857142856,21.54,Light Breeze,Slight,24.09904761904762,283,"[24, 26)",1
2020-08-10,2.8625,0.0056179775280898,32.29285714285714,22.61428571428571,23.98333333333333,Light Breeze,Slight,26.296825396825398,320,"[26, 28)",1
2020-08-11,3.4000000000000004,0.1272727272727273,32.05,23.492857142857137,24.25,Gentle Breeze,Slight,26.597619047619045,317,"[26, 28)",1
2020-08-12,1.8875,2.552222222222222,31.735714285714288,23.557142857142853,24.433333333333337,Light Breeze,Slight,26.575396825396822,293,"[26, 28)",1
2020-08-13,1.85,3.827173913043478,29.250000000000004,22.65714285714285,23.61666666666667,Light Breeze,Slight,25.174603174603178,275,"[24, 26)",1
2020-08-14,2.95,5.025287356321839,28.935714285714287,21.857142857142858,21.866666666666664,Light Breeze,Slight,24.219841269841268,344,"[24, 26)",1
2020-08-15,4.0625,0.0,29.714285714285715,19.928571428571427,20.56,Gentle Breeze,Slight,23.40095238095238,313,"[22, 24)",1
2020-08-16,4.449999999999999,2.6032258064516127,25.121428571428574,19.15,19.52,Gentle Breeze,Slight,21.263809523809524,279,"[20, 22)",1
2020-08-17,2.6125000000000003,7.7956521739130435,25.70714285714286,16.87857142857143,17.333333333333332,Light Breeze,Slight,19.97301587301587,288,"[18, 20)",1
2020-08-18,2.5375,15.813541666666666,28.21428571428571,16.985714285714288,17.139999999999997,Light Breeze,Slight,20.78,311,"[20, 22)",1
2020-08-19,1.775,2.0160919540229885,26.185714285714287,17.90714285714286,18.8,Light Breeze,Slight,20.96428571428571,286,"[20, 22)",1
2020-08-20,2.2375,5.974712643678161,25.757142857142856,15.435714285714283,15.366666666666664,Light Breeze,Slight,18.853174603174605,306,"[18, 20)",1
2020-08-21,3.7000000000000006,0.0158536585365853,28.185714285714283,17.3,18.616666666666667,Gentle Breeze,Slight,21.367460317460317,348,"[20, 22)",1
2020-08-22,2.9375,0.625609756097561,30.628571428571437,20.72142857142857,21.78,Light Breeze,Slight,24.37666666666667,328,"[24, 26)",1
2020-08-23,2.3625000000000003,0.713953488372093,30.871428571428567,21.342857142857145,21.3,Light Breeze,Slight,24.504761904761903,316,"[24, 26)",1
2020-08-24,2.6625,0.0035714285714285,31.857142857142858,22.192857142857143,22.416666666666668,Light Breeze,Slight,25.48888888888889,320,"[24, 26)",1
2020-08-25,4.1625,0.4662790697674419,32.771428571428565,21.842857142857145,23.416666666666668,Gentle Breeze,Slight,26.010317460317463,286,"[26, 28)",1
2020-08-26,4.375,2.6296703296703297,28.81428571428571,18.6,18.98333333333333,Gentle Breeze,Slight,22.132539682539683,310,"[22, 24)",1
2020-08-27,3.224999999999999,2.582222222222222,30.27142857142857,19.17142857142857,19.53333333333333,Light Breeze,Slight,22.99206349206349,343,"[22, 24)",1
2020-08-28,3.3125000000000004,7.372527472527472,31.50769230769231,20.515384615384612,20.9,Light Breeze,Slight,24.30769230769231,306,"[24, 26)",1
2020-08-29,3.7125,2.4545454545454546,28.85,21.514285714285712,22.12,Gentle Breeze,Slight,24.16142857142857,291,"[24, 26)",1
2020-08-30,4.8125,1.3847058823529412,27.02142857142857,17.892857142857142,19.12,Gentle Breeze,Slight,21.344761904761903,303,"[20, 22)",1
2020-08-31,2.3625,0.0098765432098765,25.514285714285712,15.271428571428574,16.3,Light Breeze,Slight,19.02857142857143,294,"[18, 20)",1
2020-09-01,3.5875000000000004,2.5977272727272727,25.47857142857143,17.928571428571427,19.25,Gentle Breeze,Slight,20.88571428571429,337,"[20, 22)",1
2020-09-02,2.9875000000000003,2.896703296703296,26.66428571428571,20.0,21.3,Light Breeze,Slight,22.6547619047619,309,"[22, 24)",1
2020-09-03,2.625,4.52258064516129,28.97857142857143,21.30714285714286,22.133333333333333,Light Breeze,Slight,24.139682539682543,363,"[24, 26)",1
2020-09-04,3.0,12.758695652173913,30.11428571428571,19.328571428571426,21.1,Light Breeze,Slight,23.51428571428571,383,"[22, 24)",1
2020-09-05,2.7625,0.0226190476190476,27.86428571428572,16.671428571428574,16.88,Light Breeze,Slight,20.471904761904764,362,"[20, 22)",1
2020-09-06,2.7625,0.0,27.214285714285715,16.228571428571428,17.24,Light Breeze,Slight,20.227619047619047,293,"[20, 22)",1
2020-09-07,2.475,0.0,27.41428571428572,16.82857142857143,17.02,Light Breeze,Slight,20.420952380952382,295,"[20, 22)",1
2020-09-08,1.7625000000000002,0.0,27.985714285714288,17.3,17.400000000000002,Light Breeze,Slight,20.8952380952381,337,"[20, 22)",1
2020-09-09,1.725,0.0172413793103448,28.057142857142857,18.32857142857143,18.683333333333334,Light Breeze,Slight,21.68968253968254,292,"[20, 22)",1
2020-09-10,2.05,21.884848484848483,27.81428571428571,21.02142857142857,22.433333333333334,Light Breeze,Slight,23.756349206349203,347,"[22, 24)",1
2020-09-11,3.542857142857143,15.5375,26.607692307692307,18.892307692307693,21.21666666666667,Gentle Breeze,Slight,22.23888888888889,351,"[22, 24)",1
2020-09-12,3.5285714285714285,0.0407407407407407,23.807692307692307,14.830769230769231,15.466666666666669,Gentle Breeze,Slight,18.035042735042737,304,"[18, 20)",1
2020-09-13,3.225,0.0241379310344827,23.51428571428572,14.878571428571428,16.866666666666667,Light Breeze,Slight,18.41984126984127,245,"[18, 20)",1
2020-09-14,4.575,0.0035294117647058,24.72142857142857,15.357142857142858,19.816666666666663,Gentle Breeze,Slight,19.965079365079365,289,"[18, 20)",1
2020-09-15,2.6375,0.0,21.42142857142857,10.721428571428572,10.916666666666666,Light Breeze,Slight,14.3531746031746,301,"[14, 16)",1
2020-09-16,2.7,0.0,20.678571428571427,10.750000000000002,10.65,Light Breeze,Slight,14.026190476190475,307,"[14, 16)",1
2020-09-17,1.8875,0.0,23.32857142857143,13.771428571428574,15.383333333333333,Light Breeze,Slight,17.494444444444444,322,"[16, 18)",1
2020-09-18,5.3125,0.3615384615384615,22.542857142857144,13.385714285714284,15.933333333333332,Gentle Breeze,Slight,17.287301587301588,341,"[16, 18)",1
2020-09-19,4.1875,0.0275862068965517,19.357142857142858,8.25,9.42,Gentle Breeze,Slight,12.342380952380951,330,"[12, 14)",1
2020-09-20,3.85,0.0,17.77857142857143,8.192857142857141,10.1,Gentle Breeze,Slight,12.023809523809524,275,"[12, 14)",1
2020-09-21,3.0375000000000005,0.0,18.164285714285715,7.057142857142857,8.783333333333333,Light Breeze,Slight,11.334920634920636,310,"[10, 12)",1
2020-09-22,3.875,0.0,20.87142857142857,6.785714285714287,7.7,Gentle Breeze,Slight,11.785714285714286,307,"[10, 12)",1
2020-09-23,3.5500000000000007,0.0,25.085714285714285,10.164285714285716,12.6,Gentle Breeze,Slight,15.95,356,"[14, 16)",1
2020-09-24,1.825,0.0,25.47142857142857,12.742857142857142,13.633333333333333,Light Breeze,Slight,17.28253968253968,297,"[16, 18)",1
2020-09-25,1.7375,0.0,25.321428571428577,13.485714285714286,14.266666666666666,Light Breeze,Slight,17.691269841269843,348,"[16, 18)",1
2020-09-26,2.2750000000000004,0.05,24.557142857142857,15.35714285714286,16.560000000000002,Light Breeze,Slight,18.824761904761907,330,"[18, 20)",1
2020-09-27,2.15,0.0917647058823529,25.364285714285717,17.892857142857146,19.34,Light Breeze,Slight,20.865714285714287,315,"[20, 22)",1
2020-09-28,3.975,1.5265306122448978,26.06428571428572,19.492857142857144,20.4,Gentle Breeze,Slight,21.98571428571429,300,"[20, 22)",1
2020-09-29,3.5875,2.0913043478260867,24.314285714285717,18.49285714285714,19.25,Gentle Breeze,Slight,20.685714285714283,317,"[20, 22)",1
2020-09-30,5.475,39.02886597938144,22.735714285714288,15.65,15.85,Gentle Breeze,Slight,18.07857142857143,347,"[18, 20)",1
